{
  "comparisons": {
    "v71_vs_sonnet": {
      "diagnostic_quality_proxy": {
        "status": "NOT YET RUN"
      },
      "distinct_answers": {
        "absolute_delta": -10.0,
        "absolute_delta_ci95": [
          -17.14285714285714,
          -3.5714285714285694
        ],
        "baseline_score": 94.28571428571429,
        "candidate_score": 84.28571428571429,
        "error_reduction": -1.7500000000000018,
        "error_reduction_ci95": [
          -7.000000000000013,
          -0.4000000000000008
        ],
        "meets_40pct_error_reduction_ci": false,
        "meets_40pct_error_reduction_point": false,
        "status": "MEASURED"
      },
      "distinct_misconceptions": {
        "absolute_delta": -0.7142857142857082,
        "absolute_delta_ci95": [
          -5.714285714285722,
          4.285714285714292
        ],
        "baseline_score": 95.0,
        "candidate_score": 94.28571428571429,
        "error_reduction": -0.14285714285714163,
        "error_reduction_ci95": [
          -2.516666666666662,
          0.6163461538461534
        ],
        "meets_40pct_error_reduction_ci": false,
        "meets_40pct_error_reduction_point": false,
        "status": "MEASURED"
      },
      "good_at_3": {
        "status": "NOT YET RUN"
      },
      "good_distractor_rate": {
        "status": "NOT YET RUN"
      },
      "hardened_computation_validity": {
        "status": "NOT YET RUN"
      },
      "none_equals_key": {
        "absolute_delta": -15.714285714285708,
        "absolute_delta_ci95": [
          -23.57142857142857,
          -8.57142857142857
        ],
        "baseline_score": 95.0,
        "candidate_score": 79.28571428571429,
        "error_reduction": -3.1428571428571415,
        "error_reduction_ci95": [
          -11.700000000000017,
          -1.2000000000000004
        ],
        "meets_40pct_error_reduction_ci": false,
        "meets_40pct_error_reduction_point": false,
        "status": "MEASURED"
      },
      "numeric_binding_consistency": {
        "status": "NOT YET RUN"
      },
      "selective_gdr_at_80pct_coverage": {
        "status": "NOT YET RUN"
      },
      "valid_exactly_3_json": {
        "absolute_delta": 3.5714285714285694,
        "absolute_delta_ci95": [
          -0.7142857142857082,
          7.857142857142861
        ],
        "baseline_score": 95.0,
        "candidate_score": 98.57142857142857,
        "error_reduction": 0.7142857142857139,
        "error_reduction_ci95": [
          -0.33333333333333776,
          1.0
        ],
        "meets_40pct_error_reduction_ci": false,
        "meets_40pct_error_reduction_point": true,
        "status": "MEASURED"
      }
    }
  },
  "protocol": {
    "gdr_target": 90.0,
    "opus_relative_error_reduction_target": 0.4,
    "plausibility": "expert/Opus proxy; no observed student pick rates"
  },
  "systems": {
    "base": {
      "confidence_brier": {
        "ci95": null,
        "denominator": null,
        "direction": "lower_is_better",
        "method": "out-of-fold binding calibration artifact",
        "numerator": null,
        "score": null,
        "status": "NOT YET RUN"
      },
      "confidence_ece": {
        "ci95": null,
        "denominator": null,
        "direction": "lower_is_better",
        "method": "out-of-fold binding calibration artifact",
        "numerator": null,
        "score": null,
        "status": "NOT YET RUN"
      },
      "diagnostic_quality_proxy": {
        "ci95": null,
        "denominator": null,
        "direction": "higher_is_better",
        "method": "strict expert/Opus plausibility proxy",
        "note": "No option-pick counts are available.",
        "numerator": null,
        "score": null,
        "status": "NOT YET RUN"
      },
      "distinct_answers": {
        "ci95": [
          61.957992853468205,
          76.97375913175527
        ],
        "denominator": 140,
        "direction": "higher_is_better",
        "method": "deterministic local gate",
        "numerator": 98,
        "score": 70.0,
        "status": "MEASURED"
      },
      "distinct_misconceptions": {
        "ci95": [
          85.61546785666259,
          95.02887554130032
        ],
        "denominator": 140,
        "direction": "higher_is_better",
        "method": "deterministic local gate",
        "numerator": 128,
        "score": 91.42857142857143,
        "status": "MEASURED"
      },
      "good_at_3": {
        "ci95": null,
        "denominator": null,
        "direction": "higher_is_better",
        "method": "all-three all-gates item metric",
        "note": "Requires complete binding and strict plausibility-proxy verdicts.",
        "numerator": null,
        "score": null,
        "status": "NOT YET RUN"
      },
      "good_distractor_rate": {
        "ci95": null,
        "denominator": null,
        "direction": "higher_is_better",
        "method": "all-gates pair metric",
        "note": "Requires complete binding and strict plausibility-proxy verdicts.",
        "numerator": null,
        "score": null,
        "status": "NOT YET RUN"
      },
      "hardened_computation_validity": {
        "ci95": null,
        "denominator": null,
        "direction": "higher_is_better",
        "method": "legacy prediction schema had no computation field",
        "numerator": null,
        "score": null,
        "status": "NOT APPLICABLE"
      },
      "none_equals_key": {
        "ci95": [
          50.289207618387344,
          66.39582894670845
        ],
        "denominator": 140,
        "direction": "higher_is_better",
        "method": "deterministic local gate",
        "numerator": 82,
        "score": 58.57142857142857,
        "status": "MEASURED"
      },
      "nonnumeric_binding_consistency": {
        "ci95": null,
        "denominator": null,
        "direction": "higher_is_better",
        "method": "verdict_sidecar",
        "numerator": null,
        "score": null,
        "status": "NOT YET RUN"
      },
      "numeric_binding_consistency": {
        "ci95": null,
        "denominator": null,
        "direction": "higher_is_better",
        "method": "verdict_sidecar",
        "numerator": null,
        "score": null,
        "status": "NOT YET RUN"
      },
      "selective_gdr_at_80pct_coverage": {
        "ci95": null,
        "denominator": null,
        "direction": "higher_is_better",
        "method": "post-hoc calibration",
        "numerator": null,
        "score": null,
        "status": "NOT YET RUN"
      },
      "valid_exactly_3_json": {
        "ci95": [
          91.9122529588944,
          98.46502843537439
        ],
        "denominator": 140,
        "direction": "higher_is_better",
        "method": "deterministic local gate",
        "numerator": 135,
        "score": 96.42857142857143,
        "status": "MEASURED"
      }
    },
    "sonnet": {
      "confidence_brier": {
        "ci95": null,
        "denominator": null,
        "direction": "lower_is_better",
        "method": "out-of-fold binding calibration artifact",
        "numerator": null,
        "score": null,
        "status": "NOT YET RUN"
      },
      "confidence_ece": {
        "ci95": null,
        "denominator": null,
        "direction": "lower_is_better",
        "method": "out-of-fold binding calibration artifact",
        "numerator": null,
        "score": null,
        "status": "NOT YET RUN"
      },
      "diagnostic_quality_proxy": {
        "ci95": null,
        "denominator": null,
        "direction": "higher_is_better",
        "method": "strict expert/Opus plausibility proxy",
        "note": "No option-pick counts are available.",
        "numerator": null,
        "score": null,
        "status": "NOT YET RUN"
      },
      "distinct_answers": {
        "ci95": [
          89.12967078209392,
          97.07635147090092
        ],
        "denominator": 140,
        "direction": "higher_is_better",
        "method": "deterministic local gate",